,Text,Label
0,y r u always l8 to the meetings?,student
1,The project team embraced a user-centric design approach for product development.,ai
2,"i dont like dealing with risks, it's too stressful",student
3,"i dont worry about reliability, it's good enough",student
4,"i dont care about human-centered design, just give me the final product",student
5,The study's methodology ensured a representative sample across demographics.,ai
6,"i dont care about industry practices, just give me the solution",student
7,The project team documented all processes for transparency.,ai
8,The project team maintained open lines of communication.,ai
9,The findings are consistent with existing theoretical frameworks.,ai
10,"i dont like inclusive decision-making, it's too slow",student
11,The results are presented in a logically organized manner.,ai
12,The research findings have practical implications for industry professionals.,ai
13,"i dont talk about limitations, it makes me look bad",student
14,The research methodology incorporated a multi-method approach for comprehensive data.,ai
15,"i dont care about participant responses, just give me the data",student
16,"The study's limitations are openly acknowledged, recognizing study boundaries.",ai
17,"The study's limitations are openly discussed, recognizing potential shortcomings.",ai
18,"i dont like solving problems, it's too much effort",student
19,"i dont care about skill development, it's irrelevant",student
20,The research findings contribute to the theoretical foundation of the field.,ai
21,The project team maintained a collaborative and inclusive decision-making process.,ai
22,"i dont worry about bias, it's unavoidable",student
23,"i prefer working alone, teamwork is too complicated",student
24,The study of behavioral economics examines the psychological factors influencing economic decisions.,ai
25,lol ur jokes r so lame,student
26,The project team prioritized transparent communication with stakeholders.,ai
27,"In environmental science, the impact of deforestation on biodiversity is a critical concern.",ai
28,The research design accounts for potential confounding variables.,ai
29,"In the field of robotics, biomimicry leads to the development of more efficient robots.",ai
30,"i dont like solving problems, it's too much effort",student
31,"i dont talk about limitations, it makes me look bad",student
32,The project team adhered to the project timeline.,ai
33,"i dont worry about accuracy, it's good enough",student
34,It's important to cite sources properly in academic writing.,ai
35,The project team utilized feedback to enhance the project deliverables.,ai
36,"i dont care about psychological factors, just give me the data",student
37,"The study's limitations are openly discussed, addressing potential biases.",ai
38,"i dont understand machine learning, just give me the conclusion",student
39,The project team displayed creativity in problem-solving.,ai
40,The project team maintained a high level of accuracy in data entry.,ai
41,"i dont like continuous feedback, it's too repetitive",student
42,"The study's limitations are transparently presented, acknowledging potential challenges.",ai
43,"i dont like open communication, it's too time-consuming",student
44,"i dont care about internal validity, it's too technical",student
45,"i prefer to follow, leadership is too much responsibility",student
46,"In automotive design, aerodynamics play a crucial role in improving fuel efficiency.",ai
47,ur not gonna believe what happened in class today,student
48,y r u always l8 to the meetings?,student
49,The results are presented in a visually appealing and clear manner.,ai
50,The research methodology ensures data validity through robust statistical checks.,ai
51,The analysis revealed statistically significant correlations.,ai
52,The project team exhibited a high level of professionalism.,ai
53,"i dont pay attention to details, they slow me down",student
54,"i dont like collaborative knowledge-sharing, it's too time-consuming",student
55,"i dont care about biofuels, just give me the data",student
56,"i dont care about response rates, its not important",student
57,The automotive industry is exploring self-driving technology for safer transportation.,ai
58,The analysis considered potential correlations between variables for deeper understanding.,ai
59,The research design accounts for potential bias in data collection.,ai
60,"i dont need real-world problems, just give me the solution",student
61,The analysis employed rigorous statistical controls for data accuracy.,ai
62,"i collect data randomly, it's faster",student
63,The study's methodology minimizes the potential for sampling bias.,ai
64,"i dont like talking to people, communication is overrated",student
65,"i dont worry about reliability, it's good enough",student
66,The research methodology ensures the reliability of the study.,ai
67,"i dont care about CRISPR technology, just give me the data",student
68,This is a well-structured sentence.,ai
69,The project team utilized data encryption techniques to ensure participant privacy.,ai
70,u know wat im talkin abt right?,student
71,"i dont worry about accuracy, it's good enough",student
72,"i dont talk about limitations, it makes me look bad",student
73,"i dont like data visualization, it's unnecessary",student
74,"i dont have time to consider alternatives, just tell me what to do",student
75,The project team maintained an agile mindset for adaptability to changing requirements.,ai
76,The analysis employed machine learning algorithms for predictive modeling accuracy.,ai
77,The project team utilized industry best practices for quality assurance.,ai
78,The data analysis revealed statistically significant correlations.,ai
79,"I'm gonna skip class today, who cares?",student
80,"I dont like deadlines, they stress me out",student
81,"i dont like cloud-based tools, they're too complex",student
82,"i dont like agile approaches, they're too unpredictable",student
83,The study of psychology sheds light on the complexities of human behavior and cognition.,ai
84,"i dont like dealing with risks, it's too stressful",student
85,The survey instrument underwent rigorous validation procedures.,ai
86,Machine learning algorithms have various applications.,ai
87,The research methodology ensured participant anonymity and confidentiality.,ai
88,"i dont validate surveys, it takes too much time",student
89,"i dont need to read the conclusion, just tell me the answer",student
90,The data analysis revealed statistically significant correlations.,ai
91,The project team maintained a positive team dynamic throughout.,ai
92,The project team maintained open communication throughout.,ai
93,The project team demonstrated adaptability in changing circumstances.,ai
94,The project team maintained open communication throughout.,ai
95,The survey questions were carefully crafted for reliability.,ai
96,The findings contribute to evidence-based practices in the relevant field.,ai
97,The project team exhibited adaptability in changing circumstances.,ai
98,The findings contribute to evidence-based decision-making in practical settings.,ai
99,The research question is designed to address gaps in existing theoretical frameworks.,ai
100,The research design accounted for variations in participant demographics.,ai
101,"i dont validate data, it's a waste of time",student
102,"i dont understand advanced statistics, just give me the conclusion",student
103,The project team maintained consistent and transparent communication with clients.,ai
104,The project team maintained regular retrospectives for process improvement.,ai
105,The theoretical framework provides a conceptual basis for the study.,ai
106,The project team efficiently managed project resources.,ai
107,"i prefer to follow, leadership is too much responsibility",student
108,The project team displayed creativity in problem-solving.,ai
109,The research findings are applicable to real-world scenarios.,ai
110,"i dont care about quantum entanglement, just get the job done",student
111,"i dont care about bias, just give me the conclusion",student
112,The literature review provides a comprehensive overview.,ai
113,"The survey response rate was high, ensuring data validity.",ai
114,"i dont care about employee well-being, just get the work done",student
115,The professor's lectures are informative and engaging.,ai
116,"i dont care about 3D printing, just give me the results",student
117,The analysis includes robust statistical tests for data validation.,ai
118,The project team prioritized cross-functional training to enhance skill sets.,ai
119,The project team maintained an open feedback culture for continuous improvement.,ai
120,"i prefer working alone, teamwork is too complicated",student
121,"i prefer working alone, collaboration is too complicated",student
122,"i dont care about internal validity, it's too technical",student
123,"i dont care about bias, it's unavoidable",student
124,The research methodology considered the ethical implications of data collection.,ai
125,"i dont like inclusive decision-making, it's too slow",student
126,"Augmented reality is enhancing user experiences in various fields, from education to healthcare.",ai
127,The data analysis revealed unexpected patterns in the data.,ai
128,"i dont care about industry trends, they change too quickly",student
129,The analysis includes robust statistical tests for data validation.,ai
130,The integration of renewable energy grids is a key step toward sustainable power systems.,ai
131,"Thx for ur help, it was gr8",student
132,"i dont care about industry trends, they change too quickly",student
133,The project team embraced an iterative development process for product enhancement.,ai
134,The project team demonstrated strong leadership skills.,ai
135,"i dont care about hydrogen fuel cells, just give me the data",student
136,"i dont get y we have to control for variables, its too much work",student
137,"i dont care about internal validity, it's too technical",student
138,The team successfully implemented the new software.,ai
139,"The study's limitations are openly discussed, acknowledging potential biases.",ai
140,The research methodology ensured participant anonymity through coded identifiers.,ai
141,"i dont care about professional development, it's irrelevant",student
142,"i dont care about users, just give me the final product",student
143,The research aligns with current trends in the industry.,ai
144,The project team prioritized user feedback for product improvement.,ai
145,The study's limitations are acknowledged with humility.,ai
146,"i dont care about user-centric design, just give me the final product",student
147,"i dont care about diversity and inclusion, just get the job done",student
148,"i didnt read the assignment, can u give me a summary?",student
149,"i dont see the point of context, just give me the answer",student
150,This research significantly advances our understanding of the topic.,ai
151,"i dont see the point of research questions, just do the work",student
152,The analysis considered potential cultural biases in data interpretation.,ai
153,"i dont need novel insights, just practical solutions",student
154,"i dont see the point of research questions, just do the work",student
155,"i dont care about controls, just give me the results",student
156,The project team demonstrated attention to detail in every phase.,ai
157,"i dont see the point of objectives, just give me the answer",student
158,The data collection process was systematic and thorough.,ai
159,"i dont care about user feedback, they dont know what they want",student
160,"i dont like using technology, it's confusing",student
161,"i dont worry about external validity, it's too technical",student
162,The data collection process was systematic and thorough.,ai
163,"i dont worry about bias, it's unavoidable",student
164,The survey instrument underwent rigorous validation procedures.,ai
165,"i dont like clear documentation, it's too repetitive",student
166,"i dont care about participant biases, just give me the results",student
167,"i dont pay attention to details, they slow me down",student
168,The project team utilized iterative development for continuous improvement.,ai
169,The findings provide practical implications for real-world applications.,ai
170,"i dont like theory, just give me what works",student
171,"Virtual reality is revolutionizing the gaming industry, providing immersive experiences.",ai
172,The findings contribute to the ongoing discourse within the academic community.,ai
173,The data collection process was systematic and thorough.,ai
174,"i dont see the point of research questions, just do the work",student
175,The data analysis employed advanced statistical techniques for accurate interpretation.,ai
176,"i dont care about physics, it's too complicated",student
177,The project team embraced an agile project management approach for flexibility.,ai
178,The project team maintained transparency in reporting progress to stakeholders.,ai
179,"i dont like communicating, it's a waste of time",student
180,The research findings are generalizable to a broader population.,ai
181,"i dont understand methodologies, just get it done",student
182,"i dont see the point of research questions, just do the work",student
183,"i dont like retrospectives, they're too time-consuming",student
184,"i avoid conflicts, they stress me out",student
185,"i dont like flexible timelines, it's too unpredictable",student
186,"i dont like managing expectations, it's too much responsibility",student
187,"i dont know how to write an abstract, can u do it for me?",student
188,"i dont care about organization, just give me the numbers",student
189,"i dont talk about limitations, it makes me look bad",student
190,"i dont care about visuals, just give me the numbers",student
191,"i prefer working alone, teamwork is too complicated",student
192,"i dont care about psychology, just give me the results",student
193,"i dont care about bias, data is data",student
194,The project team demonstrated attention to detail in every phase.,ai
195,The project team demonstrated adaptability in response to client feedback.,ai
196,The project team maintained a proactive approach to team conflict resolution.,ai
197,"i dont care about systematic bias, just give me the conclusion",student
198,The research question is framed to address current challenges in the field.,ai
199,"i dont need practical applications, just give me the theory",student
200,The research design ensures data reliability through consistent measurement protocols.,ai
201,"i dont care about ongoing discourse, it's too academic",student
202,The discussion section interprets the findings in context.,ai
203,"i dont like documenting processes, it's too tedious",student
204,The project team prioritized user feedback for product improvement.,ai
205,"i dont need practical issues, just give me the solution",student
206,"i dont worry about reliability, it's good enough",student
207,"i dont talk about limitations, it makes me look bad",student
208,"i dont care about implications, just give me the results",student
209,why do we even have to write papers?,student
210,"i dont care about coding standards, my code works",student
211,"i dont like theory, just give me what works",student
212,"i dont need practical implications, just tell me what to do",student
213,The study's design considers ethical considerations in data collection.,ai
214,The project team maintained a clear and concise project communication strategy.,ai
215,The study's limitations are transparently acknowledged in the discussion.,ai
216,"i dont pay attention to details, they slow me down",student
217,"i dont talk about limitations, it makes me look bad",student
218,"i dont care about environmental factors, just give me the data",student
219,"i dont like inclusive decision-making, it's too slow",student
220,"i dont care about academic dialogue, it's too theoretical",student
221,"i dont have time for step-by-step guides, just tell me the answer",student
222,"i dont like clear reporting, it's too repetitive",student
223,"i dont care about biases, just give me the conclusion",student
224,"i dont like transparent communication, it's too vulnerable",student
225,The discussion section explores alternative interpretations.,ai
226,"In materials science, the discovery of new superconductors holds promise for various applications.",ai
227,The research design minimizes the risk of internal validity threats.,ai
228,The research question is situated within a broader context.,ai
229,"i dont like dealing with risks, it's too stressful",student
230,"i dont like communicating, it's a waste of time",student
231,"i avoid conflicts, they stress me out",student
232,The study's findings contribute to the ongoing discourse in the field.,ai
233,"i dont worry about reliability, it's good enough",student
234,I dont understand y we have to do group projects,student
235,"i dont care about biases, just give me the conclusion",student
236,"i dont worry about accuracy, it's good enough",student
237,"i dont like theory, just give me what works",student
238,The findings have practical implications for real-world applications.,ai
239,"i dont like reading, it's a waste of time",student
240,The project team leveraged technology to streamline project processes.,ai
241,The project team maintained a proactive approach to problem identification.,ai
242,i dont think exams r a good way to evaluate,student
243,Programming languages play a crucial role in software development.,ai
244,The research question is situated within a broader context.,ai
245,"i dont like communicating goals, it's a waste of time",student
246,"i dont see the point of professionalism, it's overrated",student
247,"i dont care about external factors, just give me the main results",student
248,"i dont understand statistics, just give me the answer",student
249,The analysis considered the correlation between social media usage and mental health.,ai
250,The findings contribute to the ongoing discourse within the academic community.,ai
251,The data analysis revealed unexpected patterns in the data.,ai
252,The study's methodology utilized a mixed-methods approach for comprehensive insights.,ai
253,Artificial Intelligence is a fascinating field.,ai
254,"i dont care about marine biology, just give me the results",student
255,"i dont need practical implications, just tell me what to do",student
256,"i dont need real-world problems, just give me the solution",student
257,The project team embraced a collaborative approach to problem-solving.,ai
258,The integration of artificial intelligence in healthcare enhances diagnostics and treatment.,ai
259,The coding standards were followed in the software development.,ai
260,"i dont manage resources, it's too much effort",student
261,"i dont see the point of research questions, just do the work",student
262,The research question examined the effectiveness of personalized learning in education.,ai
263,"i dont care about mixed-methods approaches, just give me the results",student
264,"i dont like surprises, just give me the expected results",student
265,The analysis explores potential alternative interpretations.,ai
266,The study contributes novel insights to the field.,ai
267,"i dont see the point of research questions, just do the",
268,i dont get y we have to worry about confounding variables,student
269,"i dont care about biomimicry, just give me the data",student
270,The study explores the interplay between variables in the model.,ai
271,"i dont care about methodologies, just give me the results",student
272,The project team demonstrated effective time management.,ai
273,The analysis considered potential biases introduced during participant recruitment.,ai
274,The research question is situated within a broader context.,ai
275,"i dont like changing client requirements, it's too disruptive",student
276,The study explored the intersection of multiple variables.,ai
277,"i dont talk about limitations, it makes me look bad",student
278,The research question is clearly defined and researchable.,ai
279,"i dont care about software, as long as it gets the job done",student
280,The project was completed within the allocated budget.,ai
281,"i dont care about confounding variables, just give me the results",student
282,The findings contribute valuable insights to emerging trends within the field.,ai
283,The project team demonstrated flexibility in adapting to changing requirements.,ai
284,The project team maintained open communication throughout.,ai
285,"i dont manage resources, it's too much effort",student
286,"i dont care about demographics, just give me the data",student
287,The analysis considered potential biases in data interpretation.,ai
288,"i dont like change, it disrupts my routine",student
289,The project team demonstrated effective risk management.,ai
290,The findings contribute to evidence-based decision-making in real-world scenarios.,ai
291,The study contributes to the existing body of knowledge.,ai
292,"i dont care about industry trends, they change too quickly",student
293,"i dont care about industry knowledge, just give me the solution",student
294,"i dont like communicating progress, it's a waste of time",student
295,"i dont care about organizational culture, just give me the data",student
296,"i dont care about electric cars, just give me the results",student
297,The project team implemented a data-driven marketing strategy for better targeting.,ai
298,The study's methodology ensures replicability by future researchers.,ai
299,The project team leveraged virtual reality for immersive training experiences.,ai
300,The research design minimizes the risk of internal validity threats.,ai
301,The project team embraced a culture of continuous improvement.,ai
302,"i avoid conflicts, they stress me out",student
303,"The study's limitations are openly acknowledged, recognizing the study's scope.",ai
304,The study's methodology ensures replicability by future researchers.,ai
305,The study of black holes in astrophysics unveils mysteries about the nature of spacetime.,ai
306,The project team maintained a high level of motivation throughout.,ai
307,The study's methodology considered the influence of cultural factors.,ai
308,"i dont care about academic discourse, it's too theoretical",student
309,The data analysis employed advanced statistical techniques for accuracy.,ai
310,"i dont care about hyperloop technology, just give me the data",student
311,The research question is clearly defined and researchable.,ai
312,"i avoid conflicts, they stress me out",student
313,The methodology section provides a step-by-step guide to the study.,ai
314,"i dont like solving problems, its too hard",student
315,The data analysis revealed statistically significant correlations.,ai
316,"i dont need practical implications, just tell me what to do",student
317,"i dont like dealing with cybersecurity, it's too stressful",student
318,The project team maintained consistent and effective communication channels.,ai
319,The study's implications for practice are discussed in detail.,ai
320,"i prefer working alone, collaboration is too complicated",student
321,"i dont worry about privacy, it's overrated",student
322,The research design considered the potential impact of socio-economic factors.,ai
323,The project team exhibited a high level of professionalism.,ai
324,"Thx for ur help, it was gr8",student
325,"i dont care about eco-friendly approaches, just get the work done",student
326,"i dont understand machine learning, just give me the results",student
327,"i dont care about personalized learning, just give me the solution",student
328,The study contributes novel insights to the field.,ai
329,The research methodology ensures the reliability of the study.,ai
330,The literature cited section is accurate and complete.,ai
331,"i dont see the point of professionalism, it's overrated",student
332,The project team maintained an eco-friendly approach to project operations.,ai
333,"i dont like solving problems, it's too much effort",student
334,The project team maintained a proactive approach to conflict resolution.,ai
335,"i prefer working alone, teamwork is too complicated",student
336,u know wat im talkin abt right?,student
337,The project team demonstrated effective communication skills.,ai
338,The project team effectively utilized project management tools.,ai
339,The research methodology addresses potential threats to external validity.,ai
340,The research design investigated the role of genetics in susceptibility to diseases.,ai
341,"i dont talk about limitations, it makes me look bad",student
342,The project team demonstrated excellent collaboration.,ai
343,"i dont pay attention in class, its boring",student
344,"i dont care about theory, I just want practical stuff",student
345,"i dont talk about limitations, it makes me look bad",student
346,The research aligns with emerging trends and innovations in the field.,ai
347,The project team employed innovative strategies for problem-solving.,ai
348,The methodology section provides a step-by-step guide to the study.,ai
349,The research methodology ensures the anonymity of participants through coding.,ai
350,"In conclusion, the findings support the hypothesis.",ai
351,"i dont like agile approaches, they're too unpredictable",student
352,"i dont care about ethics, it's too restrictive",student
353,"i dont like literature reviews, they're too time-consuming",student
354,"i dont like theory, just give me practical solutions",student
355,"i dont talk about limitations, it makes me look bad",student
356,"i dont care about self-driving technology, just give me the data",student
357,The project team maintained an inclusive decision-making process.,ai
358,"i dont care about data-driven strategies, just give me the results",student
359,The references include reputable sources.,ai
360,"i dont care about participant responses, just give me the data",student
361,"i dont like communicating, it's a waste of time",student
362,The project team maintained a positive team dynamic throughout.,ai
363,"i dont care about replicability, just get it done",student
364,lol ur jokes r so lame,student
365,The research question is designed to address real-world challenges faced by practitioners.,ai
366,The project team effectively resolved conflicts as they arose.,ai
367,The study of marine biology reveals the fascinating diversity of life in the oceans.,ai
368,"i dont care about renewable energy, just give me the data",student
369,The findings provide practical implications for real-world applications.,ai
370,The analysis employed advanced statistical techniques for robust results.,ai
371,The project team demonstrated adaptability in response to client requirements.,ai
372,The study's methodology ensured data accuracy through thorough validation.,ai
373,The research question is designed to address current challenges in the field.,ai
374,The survey questions were crafted to elicit unbiased responses.,ai
375,"i dont talk about limitations, it makes me look bad",student
376,The project team demonstrated strong leadership skills.,ai
377,The findings contribute valuable insights to emerging trends in the field.,ai
378,"i dont like clear communication, it's too repetitive",student
379,The project team effectively resolved conflicts as they arose.,ai
380,"i dont understand variables, just give me the answer",student
381,The research analysis considered potential sources of measurement error.,ai
382,The exploration of Mars is a significant milestone in human space exploration.,ai
383,"i dont understand machine learning, just give me the conclusion",student
384,The analysis of the data is thorough and well-explained.,ai
385,"i dont need novel insights, just give me the information",student
386,The project team maintained an inclusive and democratic decision-making process.,ai
387,"i dont care about neurobiology, it's too complicated",student
388,The project team exhibited adaptability in changing circumstances.,ai
389,"i dont care about organization, just give me the numbers",student
390,"i dont like consistent communication, it's too repetitive",student
391,"i dont talk about limitations, it makes me look bad",student
392,The research question is framed to address practical issues faced by industry professionals.,ai
393,The project team maintained a transparent and accountable decision-making process.,ai
394,"i dont worry about reliability, it's good enough",student
395,His presentation was informative and well-organized.,ai
396,The findings are consistent with existing theoretical frameworks.,ai
397,"i dont like continuous improvement, it's unnecessary",student
398,"i dont care about socio-economic factors, just give me the data",student
399,The study's limitations are acknowledged with humility.,ai
400,"i dont care about confounding variables, just give me the results",student
401,"i dont care about CRISPR technology, just give me the results",student
402,I can provide a detailed analysis of the topic.,ai
403,The project team leveraged data visualization tools for clear communication.,ai
404,The analysis includes robust statistical tests for data validation.,ai
405,The project team consistently met project milestones.,ai
406,"i dont like surprises, just give me the expected results",student
407,"In quantum physics, entanglement remains a fascinating and mysterious phenomenon.",ai
408,"i dont care about the details, just give me the answer",student
409,"i dont like solving problems, it's too much effort",student
410,"i dont care about eco-friendly initiatives, just get the work done",student
411,"i dont like changing requirements, it disrupts my routine",student
412,"i dont pay attention to details, they slow me down",student
413,The results are presented in a logically organized manner.,ai
414,"i dont like artificial intelligence, it's too unpredictable",student
415,"i dont care about feedback, it's subjective",student
416,"i dont like change, it's too much effort",student
417,"i dont like theory, just give me practical solutions",student
418,"i collect data randomly, it's faster",student
419,The abstract provides a concise summary of the research.,ai
420,The project team maintained an inclusive approach to decision-making processes.,ai
421,The project team maintained clear documentation of project processes.,ai
422,"i dont like prior research, just give me the new information",student
423,"i dont have time for step-by-step guides, just tell me the answer",student
424,i dont understand y we have to do so much research,student
425,"i dont like communicating, it's a waste of time",student
426,"i dont care about sustainable architecture, just get the job done",student
427,"The development of hyperloop technology promises high-speed, efficient transportation.",ai
428,The research aligns with current trends in the industry.,ai
429,"i dont care about confounding variables, just give me the results",student
430,The survey instrument underwent rigorous validation procedures.,ai
431,"i dont like continuous improvement, it's unnecessary",student
432,The discussion section critically examines study limitations.,ai
433,"i prefer working alone, teamwork is too complicated",student
434,The research question is well-defined and focused.,ai
435,The study's methodology ensures replicability by future researchers.,ai
436,"i prefer working alone, collaboration is too complicated",student
437,The project team maintained a positive and inclusive team culture.,ai
438,"i dont understand virtual reality, just get the job done",student
439,"omg, I cant believe u said that",student
440,"i dont care about generalizability, just give me the results",student
441,The research question is clearly defined and researchable.,ai
442,The theoretical framework provides a conceptual basis for the study.,ai
443,The project team prioritized user feedback for product improvement.,ai
444,The research methodology addresses potential threats to external validity.,ai
445,"i dont like dealing with risks, it's too stressful",student
446,"i dont worry about anonymity, it's overrated",student
447,"i dont have time to consider alternatives, just tell me what to do",student
448,The project team maintained a positive team dynamic throughout.,ai
449,The study's methodology prioritized participant confidentiality and anonymity.,ai
450,"i dont talk about limitations, it makes me look bad",student
451,The research question is situated within a broader context.,ai
452,"i dont care about nanomaterials, just give me the results",student
453,The data analysis software used is widely accepted in the field.,ai
454,"i dont talk about limitations, it makes me look bad",student
455,The project team embraced a collaborative and inclusive approach.,ai
456,"i dont need real-world challenges, just give me the solution",student
457,The information is accurate and well-researched.,ai
458,"i dont need real-world problems, just give me the answer",student
459,"i dont care about scholarly discourse, it's too academic",student
460,"i dont have time to worry about samples, just give me the result",student
461,"i dont understand algorithms, just give me the conclusion",student
462,"I dont bother with references, I just make stuff up",student
463,The project team demonstrated strong leadership skills.,ai
464,"i dont care about neuroscience, just give me the results",student
465,"i dont care about industry trends, they change too quickly",student
466,The project team effectively resolved conflicts as they arose.,ai
467,The findings contribute novel insights that challenge traditional perspectives.,ai
468,The project team demonstrated flexibility in adapting to technological advancements.,ai
469,"The study's limitations are candidly discussed, acknowledging inherent challenges.",ai
470,The research question is designed to address real-world problems faced by practitioners.,ai
471,"In nanotechnology, the development of smart materials revolutionizes various applications.",ai
472,"i dont care about demographics, just give me the data",student
473,The research question is well-aligned with the study's objectives.,ai
474,"i dont care about emerging trends, they're too unpredictable",student
475,"In the realm of paleontology, the discovery of new dinosaur species captivates researchers.",ai
476,"i dont care about internal validity, it's too technical",student
477,"i dont care about astrobiology, just give me the data",student
478,"i dont need novel insights, just practical solutions",student
479,"i dont like consistent communication, it's too repetitive",student
480,The project team embraced a culture of continuous improvement.,ai
481,"i dont see the point of objectives, just give me the answer",student
482,"i dont care about outliers, just give me the main results",student
483,Collaboration among team members was excellent.,ai
484,"can u plz send me the notes, I missed the class",student
485,"i dont like change, it disrupts my routine",student
486,"i dont talk about limitations, it makes me look bad",student
487,The project team effectively resolved conflicts as they arose.,ai
488,Artificial Intelligence is a fascinating field.,ai
489,"i dont worry about bias, it's unavoidable",student
490,"i dont care about correlations, just give me the main findings",student
491,"i dont understand variables, just give me the answer",student
492,"i dont care about ethics, it's too restrictive",student
493,The research methodology ensured participant anonymity through coded identifiers.,ai
494,"i dont see y we need more knowledge, we have enough",student
495,"i dont worry about accuracy, it's good enough",student
496,"i dont understand nanotechnology, just get the job done",student
497,The survey questions were crafted to elicit unbiased responses.,ai
498,"i dont like longitudinal approaches, they take too much time",student
499,The research question guides the entire research process.,ai
500,The research design incorporated diverse perspectives for a comprehensive study.,ai
501,The limitations of renewable energy sources pose challenges for global sustainability.,ai
502,The findings are consistent with existing theoretical frameworks.,ai
503,"i dont care about feedback, it's subjective",student
504,"i dont worry about reliability, it's good enough",student
505,The study of dark energy in cosmology contributes to our understanding of the universe's expansion.,ai
506,"i dont like timelines, they stress me out",student
507,The analysis considered potential biases introduced during participant recruitment.,ai
508,The project was completed ahead of schedule.,ai
509,"In chemistry, the study of nanomaterials opens avenues for advanced applications.",ai
510,"i dont care about feedback, it's subjective",student
511,The research methodology considered potential confounding variables.,ai
512,"The study's limitations are openly discussed, acknowledging potential limitations.",ai
513,"The study's limitations are openly discussed, recognizing potential biases.",ai
514,The research methodology ensures the reliability of the study.,ai
515,"i dont validate surveys, it takes too much time",student
516,The project team maintained a transparent approach to sharing project updates.,ai
517,"i dont care about economic factors, just give me the data",student
518,The study's methodology considered potential sources of systematic bias.,ai
519,The analysis considered the impact of outliers on data interpretation.,ai
520,"i dont like collaborative problem-solving, it's too slow",student
521,The analysis revealed statistically significant correlations.,ai
522,The study contributes novel insights to the field.,ai
523,The project team effectively communicated project timelines and milestones.,ai
524,"i dont like artificial intelligence, it's too unpredictable",student
525,"i collect data randomly, it's faster",student
526,The project team demonstrated adaptability in changing circumstances.,ai
527,The study explores the interplay between variables in the model.,ai
528,The research design ensures data reliability through consistent measurement protocols.,ai
529,The exploration of exoplanets in astronomy opens possibilities for finding habitable environments.,ai
530,The discussion section critically examines study limitations.,ai
531,"i dont care about user feedback, they dont know what they want",student
532,The project team prioritized employee engagement for a positive work environment.,ai
533,"I'm too busy with other stuff, I dont have time for this",student
534,The findings are consistent with existing theoretical frameworks.,ai
535,The project team maintained clear and concise documentation of project processes.,ai
536,The analysis considered the ethical implications of the research.,ai
537,"i dont need novel insights, just give me the information",student
538,"i dont talk about limitations, it makes me look bad",student
539,i give up easily when things get tough,student
540,"The study's limitations are openly discussed, acknowledging potential confounders.",ai
541,The project team utilized best practices in project management for efficiency.,ai
542,Ensure that your writing is clear and concise.,ai
543,The project team efficiently managed project resources.,ai
544,"i dont like continuous improvement, it's unnecessary",student
545,"i dont validate data, it's a waste of time",student
546,"i dont document processes, it's too tedious",student
547,The project team displayed creativity in problem-solving.,ai
548,The study's methodology minimizes the potential for sampling bias.,ai
549,"i dont care about ethics, it's too restrictive",student
550,"i dont worry about bias, it's unavoidable",student
551,The research methodology included a comprehensive literature review.,ai
552,The project team demonstrated a commitment to meeting project deadlines.,ai
553,"i dont understand data types, just give me the results",student
554,i dont get y this is so important,student
555,"i dont like theory, just give me practical solutions",student
556,"i dont talk about limitations, it makes me look bad",student
557,The analysis employed statistical techniques for controlling potential confounding variables.,ai
558,The electric car market is witnessing a surge in popularity with advanced battery technology.,ai
559,"i dont care about 5G technology, just get the job done",student
560,"i collect data randomly, it's faster",student
561,The research design considered the influence of organizational culture on outcomes.,ai
562,The project team maintained a proactive approach to risk identification and mitigation.,ai
563,"i dont worry about anonymity, it's overrated",student
564,The project team effectively communicated project milestones.,ai
565,The project team exhibited a high level of professionalism.,ai
566,"i dont worry about validation procedures, just give me the data",student
567,"I didnt do the homework, it's too much work",student
568,"i dont care about implications, just tell me what to do",student
569,The aerospace industry is exploring biofuels as a sustainable alternative for aviation.,ai
570,The study's implications for practice are discussed in detail.,ai
571,"i dont care about exoplanets, just give me the data",student
572,"i dont use project management tools, they're too complicated",student
573,"i dont like engaging with stakeholders, it's time-consuming",student
574,The analysis considered the influence of economic factors on study outcomes.,ai
575,"i dont talk about limitations, it makes me look bad",student
576,The analysis explores potential alternative interpretations.,ai
577,The findings provide practical implications for real-world applications.,ai
578,The literature review synthesizes diverse perspectives on the subject.,ai
579,"i dont like transparent updates, it's too vulnerable",student
580,The project team documented all processes for transparency.,ai
581,"i dont care about triangulation, just give me the data",student
582,The discussion section critically examines study limitations.,ai
583,The analysis employed advanced statistical methods for accurate data interpretation.,ai
584,The research aligns with current trends in the industry.,ai
585,The research design ensures data validity through rigorous validation procedures.,ai
586,The research question is designed to fill gaps in existing empirical knowledge.,ai
587,The use of CRISPR technology in agriculture aims for improved crop yields and resistance.,ai
588,The project team demonstrated proactive problem-solving skills.,ai
589,The study's methodology incorporates both qualitative and quantitative approaches.,ai
590,The study explores the interplay between variables in the model.,ai
591,"i dont care about measurement errors, just give me the conclusion",student
592,The project team maintained a proactive approach to risk management.,ai
593,"i dont care about participant feedback, it's subjective",student
594,"i dont like data visualization, it's unnecessary",student
595,The project team effectively utilized project management tools.,ai
596,Here's some text without proper punctuation and grammar mistakes,student
597,"i dont care about organization, just give me the numbers",student
598,The study contributes valuable insights to the field.,ai
599,The project team demonstrated attention to detail in every phase.,ai
600,The project team embraced a flexible approach to project timelines.,ai
601,"i dont like communicating, it's a waste of time",student
602,The research methodology ensures the reliability of findings through validation.,ai
603,i dont get y we have to write essays,student
604,"The study's limitations are transparently presented, addressing potential biases.",ai
605,The methodology section provides a step-by-step guide to the study.,ai
606,"i dont like dealing with risks, it's too stressful",student
607,"i dont worry about credibility, it's good enough",student
608,The project team maintained a proactive approach to cybersecurity in IT operations.,ai
609,"i dont care about industry trends, they change too quickly",student
610,The research question is framed to address gaps in existing knowledge.,ai
611,The study's methodology accounted for potential variations in participant responses.,ai
612,The project team documented all processes for transparency.,ai
613,The project team exhibited a high level of professionalism.,ai
614,The adoption of blockchain technology is reshaping financial systems and transactions.,ai
615,"i dont care about mindfulness practices, they're too time-consuming",student
616,The integration of 5G technology is revolutionizing communication and connectivity.,ai
617,The project team prioritized user feedback for product improvement.,ai
618,The research methodology accounted for potential variations in participant responses.,ai
619,"The study's limitations are transparently acknowledged, addressing study boundaries.",ai
620,The project team effectively communicated project milestones.,ai
621,The study's methodology ensured data validity through triangulation.,ai
622,The project team maintained a proactive approach to stakeholder engagement.,ai
623,"i dont care about genetic engineering, just give me the results",student
624,"i dont care about data preprocessing, just give me the results",student
625,"The study's limitations are openly discussed, addressing potential methodological flaws.",ai
626,"I dont need to cite, I wrote it myself",student
627,The research design incorporated feedback loops for iterative improvements.,ai
628,"i dont like deadlines, they stress me out",student
629,i rlly hate it when ppl use txt abbreviations,student
630,"i dont need practical implications, just tell me what to do",student
631,The research question is framed to address practical issues faced by industry professionals.,ai
632,"i dont like working in teams, its too much hassle",student
633,The project team prioritized the well-being and satisfaction of team members.,ai
634,The research question is clear and relevant to the field.,ai
635,The project team demonstrated adaptability to changes in project requirements.,ai
636,The findings contribute to the ongoing scholarly discourse in the field.,ai
637,"i dont care about data collection techniques, just give me the results",student
638,The presentation slides were clear and visually appealing.,ai
639,The project team demonstrated adaptability in changing circumstances.,ai
640,"i dont like deadlines, they stress me out",student
641,"i dont care about cross-functional training, it's irrelevant",student
642,The project team embraced a culture of continuous feedback and improvement.,ai
643,The advancements in nanomedicine contribute to more targeted and effective medical treatments.,ai
644,The project team embraced a design thinking approach for creative problem-solving.,ai
645,"i dont like theory, just give me what works",student
646,"i dont like change, it disrupts my routine",student
647,"i prefer working alone, teamwork is too complicated",student
648,The project team embraced a collaborative and inclusive approach.,ai
649,The research question is designed to address gaps in practical industry knowledge.,ai
650,The project team maintained a transparent and accountable decision-making process.,ai
651,The findings contribute to practical applications and problem-solving.,ai
652,"i dont care about emerging trends, they're too unpredictable",student
653,"i dont care about emerging discussions, they're too theoretical",student
654,The research question is clearly defined and researchable.,ai
655,"i dont care about biotechnology, just get the job done",student
656,The study's methodology incorporated a diverse range of data collection techniques.,ai
657,The study's methodology accounted for potential variations in participant response.,ai
658,"i dont like solving problems, it's too much effort",student
659,"i dont care about emerging discussions, they're too theoretical",student
660,The project team demonstrated effective risk management.,ai
661,Ensure that your writing is clear and concise.,ai
662,The findings contribute to evidence-based healthcare practices in clinical settings.,ai
663,This is a well-structured sentence.,ai
664,The methodology section provides a step-by-step guide to the study.,ai
665,"i dont care about user feedback, they dont know what they want",student
666,"i dont document processes, it's too tedious",student
667,The research design minimizes the risk of internal validity threats.,ai
668,"i dont need practical implications, just give me the theory",student
669,"i dont like transparent decision-making, it's too vulnerable",student
670,The analysis explores potential alternative interpretations.,ai
671,"i dont like milestones, they stress me out",student
672,"In physics, the exploration of dark matter and dark energy challenges our understanding.",ai
673,"i dont see the point of professionalism, it's overrated",student
674,The methodology section details the steps taken in the research.,ai
675,"i dont like change, it disrupts my routine",student
676,"i dont understand virtual reality, just get the job done",student
677,"i dont care about ethics, it's too restrictive",student
678,The project team maintained open communication throughout.,ai
679,"i dont care about understanding, just tell me what to do",student
680,"i dont worry about encryption, it's overrated",student
681,The discussion section critically examines study limitations.,ai
682,"i dont need novel insights, just practical solutions",student
683,"i dont need evidence-based decisions, just give me the information",student
684,The field of biotechnology holds promise for breakthroughs in medicine and agriculture.,ai
685,"i dont care about renewable energy grids, just get the job done",student
686,The research design incorporated both qualitative and quantitative data.,ai
687,The project team demonstrated strong problem-solving skills.,ai
688,i give up easily when things get tough,student
689,The study contributes novel insights to the field.,ai
690,The research question is aligned with the study's objectives.,ai
691,"i dont like agile approaches, they're too unpredictable",student
692,Here's some text without proper punctuation and grammar mistakes,student
693,"i dont like knowledge-sharing sessions, they're too time-consuming",student
694,"i dont like iterative development, it's too slow",student
695,The research question is clearly defined and researchable.,ai
696,The study's methodology utilized cutting-edge technology for data collection.,ai
697,The project team effectively communicated project milestones.,ai
698,The results support the hypothesis outlined in the introduction.,ai
699,The project team displayed creativity in problem-solving.,ai
700,"i dont have time to consider alternatives, just tell me what to do",student
701,"i dont talk about limitations, it makes me look bad",student
702,The research design minimizes the risk of internal validity threats.,ai
703,"i dont have time for step-by-step guides, just tell me the answer",student
704,"i dont like transparent decision-making, it's too vulnerable",student
705,"i dont need novel insights, just practical solutions",student
706,"i dont use project management tools, they're too complicated",student
707,Effective communication is essential in the workplace.,ai
708,"i dont understand statistics, just give me the answer",student
709,The study's methodology ensures participant confidentiality through encryption.,ai
710,"i dont care about aerodynamics, just give me the data",student
711,"i dont need evidence-based decisions, just give me the information",student
712,The project team demonstrated a commitment to meeting project deadlines.,ai
713,The analysis considered potential cultural biases in the interpretation of results.,ai
714,"I'll just copy from the internet, nobody will notice",student
715,"i prefer to follow, leadership is too much responsibility",student
716,The project team prioritized clear and concise project documentation.,ai
717,The analysis employed statistical techniques to control for potential confounding variables.,ai
718,"i dont care about industry knowledge, just give me the solution",student
719,"i dont like open-door policies, it's too intrusive",student
720,"i dont care about theoretical frameworks, just give me the solution",student
721,"i dont need practical issues, just give me the solution",student
722,The study's methodology considered the potential impact of confounding variables.,ai
723,"i dont like data visualization, it's unnecessary",student
724,The research aligns with current trends in the industry.,ai
725,The study explored the impact of mindfulness practices on workplace productivity.,ai
726,The findings have practical implications for real-world applications.,ai
727,"i dont have time for step-by-step guides, just tell me the answer",student
728,"i dont understand statistics, just give me the answer",student
729,"i dont like solving problems, it's too much effort",student
730,"The study's limitations are transparently acknowledged, recognizing study boundaries.",ai
731,The project team exhibited adaptability in changing circumstances.,ai
732,"i dont care about replicability, just get it done",student
733,"i dont talk about limitations, it makes me look bad",student
734,The project team leveraged technology to streamline project processes.,ai
735,The project team embraced a proactive approach to quality assurance.,ai
736,"i dont care about astrophysics, just give me the results",student
737,The project team exhibited strong teamwork and collaboration.,ai
738,The project team maintained a positive and supportive team culture.,ai
739,The research methodology considered the impact of environmental factors.,ai
740,"i dont need current challenges, just give me the solution",student
741,The study's design considers ethical considerations in data collection.,ai
742,The project team effectively communicated project progress to stakeholders.,ai
743,The project team demonstrated adaptability in response to unexpected challenges.,ai
744,The research question is designed to address gaps in current industry practices.,ai
745,"i dont talk about limitations, it makes me look bad",student
746,The research question is designed to address real-world problems faced by practitioners.,ai
747,"i dont see the point of relevance, as long as it's done",student
748,"i dont care about cutting-edge technology, just give me the results",student
749,"i dont understand variables, just give me the answer",student
750,The study's design considers ethical considerations in data collection.,ai
751,"i dont need novel insights, just practical solutions",student
752,"i dont have time to think about future research, im too busy",student
753,"i dont like transparency, it's too vulnerable",student
754,The research design ensured data privacy and confidentiality.,ai
755,The project team embraced a human-centered design approach for product development.,ai
756,The analysis revealed statistically significant correlations.,ai
757,The findings have practical implications for real-world applications.,ai
758,The project team utilized best practices in project management for efficiency.,ai
759,"i dont see the point of having objectives, its unnecessary",student
760,The discussion section explores implications for future research.,ai
761,"i dont need real-world applications, just give me the theory",student
762,"I'll just throw some slides together, it doesnt matter",student
763,The project team prioritized continuous improvement through regular retrospectives.,ai
764,"i dont keep track of my spending, its too much effort",student
765,why do we even need to learn this stuff?,student
766,The project team documented all processes for transparency.,ai
767,The project team leveraged technology to streamline project processes.,ai
768,i dont have time to think about good survey questions,student
769,The findings have practical implications for real-world applications.,ai
770,The analysis considered potential biases introduced during data preprocessing.,ai
771,"i dont care about bias, it's unavoidable",student
772,The research question is framed to address real-world problems.,ai
773,"i dont see the point of research questions, just do the work",student
774,The study's limitations are acknowledged with transparency.,ai
775,"i dont care about team well-being, just get the work done",student
776,"i dont need current challenges, just give me the solution",student
777,"i dont care about confounding variables, just give me the results",student
778,"i dont like theory, just give me what works",student
779,The data collection process was systematic and thorough.,ai
780,The research design incorporated a longitudinal approach for robust results.,ai
781,The project team effectively communicated project goals and expectations.,ai
782,"i dont care about best practices, they're too conventional",student
783,"i dont like inclusive decision-making, it's too slow",student
784,"i dont like timelines, they stress me out",student
785,The application of artificial intelligence in agriculture enhances precision farming techniques.,ai
786,"Im not gonna bother proofreading, its a waste of time",student
787,The project team maintained a positive and collaborative team culture.,ai
788,"i dont get statistics, its too complicated",student
789,"i dont see the point of research questions, just do the work",student
790,The data collection process was systematic and thorough.,ai
791,The project team prioritized user-centered design principles in product development.,ai
792,The automotive industry is exploring hydrogen fuel cells as a cleaner energy alternative.,ai
793,The analysis employed machine learning algorithms for predictive modeling accuracy.,ai
794,"i dont care about feedback loops, they're too repetitive",student
795,"i dont have time to consider alternatives, just tell me what to do",student
796,The theoretical framework provides a conceptual basis for the study.,ai
797,"i dont like consistent communication, it's too repetitive",student
798,The project team demonstrated attention to detail in every phase.,ai
799,"i dont care about participant responses, just give me the data",student
800,"i dont talk about limitations, it makes me look bad",student
801,"i dont care about feedback, it's subjective",student
802,"i dont understand statistics, just give me the answer",student
803,"i dont talk about limitations, it makes me look bad",student
804,The data analysis employed machine learning algorithms for predictive modeling.,ai
805,"i dont care about cosmology, just give me the results",student
806,The project team leveraged data visualization tools for effective communication.,ai
807,"The study's limitations are openly discussed, recognizing potential biases.",ai
808,"i dont like remote work, it's too isolating",student
809,The project team maintained open channels for communication with stakeholders.,ai
810,The results are presented in a logically organized manner.,ai
811,The project team embraced a proactive approach to problem-solving.,ai
812,The project team effectively managed project resources and budget.,ai
813,Programming skills are in high demand in the job market.,ai
814,The study's limitations are acknowledged in the discussion.,ai
815,The project team displayed creativity in problem-solving.,ai
816,"i collect data randomly, it's faster",student
817,"i dont like artificial intelligence, it's too unpredictable",student
818,"i dont care about genetics, just give me the results",student
819,I appreciate your assistance in this matter.,ai
820,"i dont like retrospectives, they're too time-consuming",student
821,The research findings are generalizable to a broader population.,ai
822,"i dont understand statistics, just give me the conclusion",student
823,The research design incorporated a longitudinal approach for robust findings.,ai
824,The project team embraced a collaborative and inclusive approach.,ai
825,"i dont talk about limitations, it makes me look bad",student
826,The project team effectively communicated project milestones.,ai
827,The project team utilized feedback to enhance the project deliverables.,ai
828,The data analysis utilized machine learning algorithms for accuracy.,ai
829,"i prefer working alone, teamwork is too complicated",student
830,"i dont like communicating, it's a waste of time",student
831,The findings contribute valuable insights to niche areas within the field.,ai
832,The report covers all the key aspects of the research.,ai
833,"i dont care about paleontology, just give me the results",student
834,The survey questions were crafted to elicit unbiased responses.,ai
835,"i dont talk about limitations, it makes me look bad",student
836,The project team displayed creativity in problem-solving.,ai
837,The study contributes novel insights to the field.,ai
838,"i dont like change, it disrupts my routine",student
839,The project team maintained open communication throughout.,ai
840,The study of exoplanets in astrobiology contributes to the search for extraterrestrial life.,ai
841,The development of quantum computers poses challenges and opportunities in computing.,ai
842,"i dont need practical implications, just tell me what to do",student
843,The survey was designed to capture a representative sample.,ai
844,The analysis considered the impact of psychological factors on participant responses.,ai
845,The research methodology addresses potential threats to external validity.,ai
846,The project team embraced feedback as an opportunity for improvement.,ai
847,The project team embraced a user-centric approach in product development.,ai
848,"i dont like communicating, it's a waste of time",student
849,"i dont see the point of context, just give me the answer",student
850,"i dont like documenting processes, it's too tedious",student
851,The study's methodology ensures the credibility and trustworthiness of results.,ai
852,The evolution of artificial intelligence is reshaping various industries and workflows.,ai
853,"My dog ate my homework, can I get an extension?",student
854,The study's design incorporated a diverse range of research methodologies.,ai
855,The project team maintained an agile mindset for adaptability to changing requirements.,ai
856,"I didnt do the reading, can u fill me in?",student
857,The exploration of quantum entanglement is essential for developing quantum communication.,ai
858,The coding practices followed industry standards for maintainability.,ai
859,The research design incorporated a longitudinal approach for robust findings.,ai
860,"i dont understand augmented reality, just get the job done",student
861,"i dont care about implications, just tell me what to do",student
862,"i dont care about emerging trends, they're too unpredictable",student
863,The project team utilized advanced modeling techniques for accurate predictions.,ai
864,The project team maintained a positive and supportive team culture.,ai
865,"i dont worry about anonymity, it's overrated",student
866,The project team prioritized the well-being of team members through support initiatives.,ai
867,"i dont validate surveys, it takes too much time",student
868,The project team maintained a high level of accuracy in data entry.,ai
869,i dont think grammar matters in casual writing,student
870,The project team prioritized continuous improvement through regular retrospectives.,ai
871,"i dont like technological advancements, they complicate things",student
872,"i dont care about quantum computers, just give me the results",student
873,The research question is well-aligned with the study's objectives.,ai
874,The survey instrument underwent rigorous validation procedures.,ai
875,"i prefer working alone, teamwork is too complicated",student
876,"i dont care about user-centered design, just give me the final product",student
877,The study of neuroplasticity in neuroscience reveals the brain's adaptability to change.,ai
878,The study's limitations are acknowledged with humility.,ai
879,The project team effectively managed project timelines and milestones.,ai
880,"i dont care about academic discourse, it's too theoretical",student
881,"i dont like changing requirements, it disrupts my routine",student
882,"i dont like quality assurance, it's too time-consuming",student
883,The project team maintained regular knowledge-sharing sessions for skill development.,ai
884,"i dont care about best practices, they're too conventional",student
885,"i dont like communicating, it's a waste of time",student
886,"i dont care about quantum physics, it's too complicated",student
887,"i dont care about cultural factors, just give me the data",student
888,"i dont care about bias, it's unavoidable",student
889,The project team embraced a collaborative approach to problem-solving.,ai
890,"i dont like changing client expectations, it's too disruptive",student
891,"i dont like dealing with risks, it's too stressful",student
892,The project team efficiently managed project resources.,ai
893,"i dont like change, it disrupts my routine",student
894,"i dont like design thinking, it's too slow",student
895,"i dont validate data, it's a waste of time",student
896,"i dont care about ethics, it's too restrictive",student
897,The research design ensured data privacy and confidentiality.,ai
898,"i dont manage resources, it's too much effort",student
899,"i dont understand methodologies, just get it done",student
900,The project team effectively utilized collaboration tools for remote work.,ai
901,The research question guides the entire research process.,ai
902,"i dont understand statistics, just give me the answer",student
903,The findings contribute to emerging discussions in the field.,ai
904,The project team utilized data encryption techniques to ensure participant privacy.,ai
905,The research question is designed to address gaps in current industry knowledge.,ai
906,"i dont understand advanced statistics, just give me the conclusion",student
907,"i dont like retrospectives, they're too time-consuming",student
908,The findings contribute valuable insights to emerging trends within the field.,ai
909,"i dont like theory, just give me practical solutions",student
910,"i dont care about materials science, just give me the data",student
911,The project team maintained a high level of accuracy in data entry.,ai
912,idk y the professor is so strict,student
913,The project team prioritized continuous improvement through regular retrospectives.,ai
914,"i dont worry about anonymity, it's overrated",student
915,The advancements in 3D printing technology enable innovative solutions in manufacturing.,ai
916,The project team effectively communicated project timelines and milestones.,ai
917,The research findings are positioned within the context of prior research.,ai
918,Genetic engineering holds promise for revolutionary breakthroughs in healthcare.,ai
919,The findings contribute to the ongoing dialogue in the academic community.,ai
920,"i dont pay attention to details, they slow me down",student
921,"i write code that works, who cares about maintainability",student
922,"i dont like artificial intelligence, it's too unpredictable",student
923,"i dont care about participant biases, just give me the conclusion",student
924,"The study's limitations are openly discussed, acknowledging potential shortcomings.",ai
925,The discussion section critically examines study limitations.,ai
926,The analysis considered potential sources of bias in data collection.,ai
927,"i dont care about emerging trends, they're too unpredictable",student
928,"i dont like longitudinal approaches, they take too much time",student
929,"i dont like retrospectives, they're too time-consuming",student
930,The analysis considered potential biases introduced by participant self-reporting.,ai
931,"i didnt study for the test, its fine, ill guess",student
932,The results of the experiment are consistent with previous studies.,ai
933,"im so tired of this class, it's so boring",student
934,The study's limitations are acknowledged with transparency.,ai
935,"i dont like blockchain technology, it's too unpredictable",student
936,"i dont like collaborative problem-solving, it's too slow",student
937,The project team effectively managed project risks.,ai
938,The project team prioritized continuous learning and skill development.,ai
939,"i dont worry about external validity, it's too technical",student
940,"i dont care about space exploration, it's too theoretical",student
941,"i dont care about generalizability, just give me the results",student
942,"i dont understand machine learning, just give me the results",student
943,The project team effectively utilized project management tools.,ai
944,The study's methodology incorporates both qualitative and quantitative approaches.,ai
945,The project team effectively utilized project management tools.,ai
946,"In the world of robotics, advancements in artificial intelligence enable more complex tasks.",ai
947,The data collection process was systematic and thorough.,ai
948,"i dont care about employee engagement, just get the work done",student
949,"i dont like communicating, it's a waste of time",student
950,"i dont care about behavioral economics, just give me the results",student
951,The research design is appropriate for the study.,ai
952,The project team utilized feedback to enhance the project deliverables.,ai
953,"i dont like client feedback, it's subjective",student
954,"i dont need evidence-based practices, just give me the information",student
955,"i dont see the point of research questions, just do the work",student
956,The analysis considered potential biases in data interpretation.,ai
957,The project team demonstrated resilience in overcoming challenges.,ai
958,The analysis considered the impact of external factors on study outcomes.,ai
959,"i dont care about industry trends, they change too quickly",student
960,"i dont validate surveys, it takes too much time",student
961,The research question guides the entire research process.,ai
962,The findings contribute to the theoretical foundation of the respective discipline.,ai
963,The research aligns with current trends in the industry.,ai
964,Please submit your assignment by the deadline.,ai
965,The theoretical framework provides a conceptual basis for the study.,ai
966,"i dont talk about limitations, it makes me look bad",student
967,The field of neurobiology explores the intricacies of the human brain and nervous system.,ai
968,"i dont talk about limitations, it makes me look bad",student
969,The study's limitations are acknowledged with humility and openness.,ai
970,"i dont care about implications, just tell me what to do",student
971,"i dont care about biases, just give me the main findings",student
972,The methodology section explains the research design in detail.,ai
973,I can provide a detailed analysis of the topic.,ai
974,"i avoid conflicts, they stress me out",student
975,The project team leveraged cloud-based tools for efficient project collaboration.,ai
976,The project team demonstrated adaptability in response to client expectations.,ai
977,The survey questions were crafted to elicit unbiased responses.,ai
978,The study's limitations are acknowledged with transparency.,ai
979,The future of sustainable architecture lies in eco-friendly construction materials.,ai
980,The study's implications extend beyond the immediate research context.,ai
981,"i dont see the point of professionalism, it's overrated",student
982,"i dont care about niche areas, just give me the general information",student
983,"i dont talk about limitations, it makes me look bad",student
984,"i prefer working alone, collaboration is too complicated",student
985,The project team demonstrated attention to detail in every phase.,ai
986,"i dont need practical implications, just tell me what to do",student
987,The research methodology considered the impact of environmental factors.,ai
988,"i dont worry about external validity, it's too technical",student
989,"i dont worry about privacy, it's overrated",student
990,The project team embraced a collaborative and inclusive approach.,ai
991,"i dont care about team well-being, just get the work done",student
992,"i dont document processes, it's too tedious",student
993,The project team prioritized employee well-being through wellness programs.,ai
994,"i dont care about deforestation, just get the job done",student
995,The study's methodology ensures replicability by future researchers.,ai
996,"why do we have to follow industry standards, its stupid",student
997,"i dont validate data, it's a waste of time",student
998,"i dont care about evidence-based practices, just give me the information",student
999,The peer review process ensures the quality of the research.,ai
1000,"i dont talk about limitations, it makes me look bad",student
1001,The analysis considered potential biases in self-reported data.,ai
1002,"i dont care about nanomedicine, just get the job done",student
1003,"i dont like communicating, it's a waste of time",student
1004,"i dont care about participant biases, just give me the results",student
1005,"i dont worry about statistical checks, just give me the data",student
1006,"i dont care about cultural biases, just give me the conclusion",student
1007,"i dont need practical implications, just tell me what to do",student
1008,"I dont understand statistics, can u just do the analysis for me?",student
1009,"i dont like solving problems, it's too much effort",student
1010,The project team effectively managed stakeholder expectations.,ai
1011,The findings contribute novel insights that challenge existing paradigms.,ai
1012,The results were statistically significant at the 0.05 level.,ai
1013,The project team maintained consistent and transparent communication with clients.,ai
1014,The project team demonstrated effective risk management.,ai
1015,"i dont like trying new things, it's too risky",student
1016,"i dont care about quantum encryption, just get the job done",student
1017,"u kno wut im saying, y do i need proper grammar?",student
1018,The study's methodology minimizes the potential for sampling bias.,ai
1019,"i dont talk about limitations, it makes me look bad",student
1020,"i dont care about cultural biases, just give me the conclusion",student
1021,The analysis includes robust statistical tests for data validation.,ai
1022,"i dont care about electric scooters, just give me the data",student
1023,The findings are consistent with existing theoretical frameworks.,ai
1024,"i dont like solving problems, it's too much effort",student
1025,"i dont talk about limitations, it makes me look bad",student
1026,The analysis employed sophisticated algorithms for data pattern recognition.,ai
1027,"i dont use project management tools, they're too complicated",student
1028,"i dont like timelines, they stress me out",student
1029,The software development process followed industry best practices.,ai
1030,The project team maintained open lines of communication.,ai
1031,"i dont like change, it's too much effort",student
1032,"i dont worry about encryption, it's overrated",student
1033,"i dont like identifying problems, it's too much effort",student
1034,The discussion section critically examines study limitations.,ai
1035,Please submit your assignment by the deadline.,ai
1036,"i dont care about environmental factors, just give me the data",student
1037,The findings contribute to emerging discussions in the field.,ai
1038,The project team implemented eco-friendly initiatives for sustainable business.,ai
1039,"i dont like talking about limitations, it makes me look bad",student
1040,The study's implications for practice are discussed in detail.,ai
1041,The exploration of renewable energy sources is crucial for addressing climate change.,ai
1042,"i dont like communicating, it's a waste of time",student
1043,"i dont care about astronomy, just give me the results",student
1044,"i dont like iterative development, it's too slow",student
1045,The project team maintained open lines of communication.,ai
1046,The information is accurate and well-researched.,ai
1047,"i dont see the point of context, just give me the answer",student
1048,"i dont see the point of context, just give me the answer",student
1049,"i dont like using technology, it's confusing",student
1050,The research question is well-aligned with the study's objectives.,ai
1051,"i dont understand modeling techniques, just give me the conclusion",student
1052,The theoretical framework provides a solid foundation for the study.,ai
1053,"i dont care about replicability, just get it done",student
1054,The research aligns with current trends in the industry.,ai
1055,The project team prioritized diversity and inclusion in hiring processes.,ai
1056,"In astronomy, the study of exoplanets provides insights into potential habitable zones.",ai
1057,The project team prioritized continuous learning through professional development.,ai
1058,The project team fostered a culture of collaboration and knowledge-sharing.,ai
1059,The project team maintained a collaborative and open-door communication policy.,ai
1060,"i dont care about replicability, just get it done",student
1061,"i dont like communicating, it's a waste of time",student
1062,The conclusion drawn from the data is valid.,ai
1063,"i dont like theory, just give me what works",student
1064,i rlly hate it when ppl use txt abbreviations,student
1065,The rise of electric scooters is transforming urban transportation and reducing emissions.,ai
1066,"i dont worry about confidentiality, it's overrated",student
1067,The project team prioritized clear and concise reporting in project documentation.,ai
1068,The experimental design controlled for confounding variables.,ai
1069,"i dont use project management tools, they're too complicated",student
1070,"i dont document processes, it's too tedious",student
1071,The experiment results are statistically significant.,ai
1072,"i avoid conflicts, they stress me out",student
1073,"i dont care about diverse perspectives, just give me the data",student
1074,"i dont care about empirical knowledge, just give me the information",student
1075,"i dont care about best practices, they're too conventional",student
1076,"i dont like longitudinal approaches, they take too much time",student
1077,"i dont have time to review other people's work, its pointless",student
1078,"i dont have time to explain every little step, its tedious",student
1079,The conclusion summarizes the key findings of the study.,ai
1080,The project team embraced a culture of innovation for continuous improvement.,ai
1081,"i dont like motivation, it's temporary",student
1082,The project team leveraged data visualization tools for effective communication.,ai
1083,"i dont like using technology, it's confusing",student
1084,"i dont like theory, just give me what works",student
1085,The research design incorporated participant feedback for iterative improvements.,ai
1086,"i dont see the point of objectives, just give me the answer",student
1087,The project team maintained an open feedback culture for continuous improvement.,ai
1088,The research question is clearly defined and researchable.,ai
1089,"i dont manage resources, it's too much effort",student
1090,"i dont understand statistics, just give me the conclusion",student
1091,The project team demonstrated resilience in the face of unexpected challenges.,ai
1092,The potential of CRISPR technology in gene editing raises ethical considerations.,ai
1093,The professor provided constructive feedback on the paper.,ai
1094,"i dont understand statistics, just give me the answer",student
1095,i give up easily when things get tough,student
1096,"i dont care about existing knowledge, just give me the new information",student
1097,"i dont like timelines, they stress me out",student
1098,The development of quantum encryption ensures secure communication in the digital age.,ai
1099,"i dont care about social media, just give me the data",student
1100,"i dont care about multi-method approaches, just give me the results",student
1101,"i dont understand variables, just give me the answer",student
1102,"i dont worry about encryption, it's overrated",student
